name,birth,death,start,end,dynasty,
Maharana Hammir Singh,1314,1364,6 December 1326,7 June 1364,Sisodia,Father of Kshetra Singh
Kshetra Singh,N/A,1382,1364,1382,Sisodia,Father of Lakha Singh
Lakha Singh,N/A,1421,1382,1421,Sisodia,Father of Mokal Singh
Mokal Singh,1409,1433,1421,1433,Sisodia,Father of Rana Kumbha
Rana Kumbha,N/A,9 June 1468,15 April 1433,9 June 1468,Sisodia,"Father of Udai Singh I, Rana Raimal"
Udai Singh I,N/A,1473,1468,1473,Sisodia,
Rana Raimal,N/A,1509,1473,1509,Sisodia,Father of Rana Sanga
Rana Sanga,12 April 1484,17 March 1527,4 June 1509,17 March 1527,Sisodia,"Father of Rantan Singh II, Vikramaditya Singh, Udai Singh II"
Ratan Singh II,N/A,1531,1528,1531,Sisodia,
Vikramaditya Singh,1517,1537,1531,1536,Sisodia,
Udai Singh II,4 August 1540,28 February 1572,10 December 1540,28 February 1572,Sisodia,Father of Maharana Pratap
Maharana Pratap ,9 May 1540,19 January 1597,28 February 1572,19 January 1597,Sisodia,Father of Amar Singh I
Amar Singh I,6 March 1559,26 January 1620,19 January 1597,26 January 1620,Sisodia,Father of Karan Singh II
Karan Singh II,7 January 1584,1 March 1628,26 January 1620,1 March 1628,Sisodia,Father of Jagat Singh I
Jagat Singh I,1607,10 April 1652,March 1628,10 April 1652,Sisodia,Father of Raj Singh I
Raj Singh I,24 September 1629,22 October 1680,15 September 1652,22 October 1680,Sisodia,Father of Jai Singh I
Jai Singh I,5 December 1653,23 September 1698,1653,23 September 1698,Sisodia,
Rao Jodha Rathore,28 March 1416,1489,10 July 1438,6 April 1489,Rathore,"Father of Rao Satal, Rao Suja, Rao Bikaji"
Rao Satal Rathore,N/A,1 March 1492,6 April 1489,1 March 1492,Rathore,
Rao Suja Rathore,N/A,October 1515,1 March 1492,2 October 1515,Rathore,Grandfather of Rao Ganta Rathore
Rao Bikaji Rathore,5 August 1438,17 June 1504,28 May 1472,17 June 1504,Rathore,
Rao Ganga Rathore,6 May 1484,21 May 1531,8 November 1515,1 May 1531,Rathore,Father of Rao Maldeo Rathore
Rao Maldeo Rathore,5 December 1511,7 November 1562,9 May 1532,7 November 1562,Rathore,Father of Rao Chandrasen Rathore
Rao Chandrasen Rathore,30 July 1541,11 January 1581,7 November 1562,11 January 1581,Rathore,Father of Udai Singh Rathore
Udai Singh Rathore,13 January 1538,10 July 1595,4 August 1583,10 July 1595,Rathore,
Prithviraj Chauhan,16 May 1166,1 June 1192,3 June 1177,12 August 1192,,
Rao Sheksha,1433,1488,19 June 1445,10 July 1488,,
Man Singh Tomar,N/A,11 August 1516,15 May 1486,11 August 1516,,
Rana Man Singh I,21 December 1550,6 July 1614,10 December 1589,6 July 1614,,
Vir Singh Deo,N/A,6 September 1686, 9 March 1606,6 September 1626,,
Chhatrasal Bundela,4 May 1649,20 December 1731,25 May 1675,20 December 1731,,